Average execution times after 10000 inputs with 1000 iterations.; 


SUBJECT;AVG_TIME(ms)
ORIG;0.3858378000000024
;
COMBINED_NETWORK;0.41530530000001026
;
NAIVE;1.6829999999999263E-4
VOTES;2.1919999999998695E-4
CONF;2.470999999999839E-4
;
NAIVETotal;0.4154736000000101
VOTESTotal;0.4155245000000099
CONFTotal;0.41555240000000876


