Average execution times after 10000 inputs with 1000 iterations.; 


SUBJECT;AVG_TIME(ms)
ORIG;0.4051615999999935
;
COMBINED_NETWORK;3.2417561000000243
;
NAIVE;1.7159999999999222E-4
VOTES;2.1909999999998703E-4
CONF;2.4389999999998427E-4
;
NAIVETotal;3.2419277000000224
VOTESTotal;3.2419752000000197
CONFTotal;3.2420000000000244


