SUBJECT;AVG_TIME(ms)
ORIG;1.3999833333333334
;
COMBINED_NETWORK;1.4336833333333334
;
NAIVE;0.0023333333333333335
PREC;0.0018333333333333333
VOTES;0.0021
CONF;0.0014666666666666667
PVC;0.0029
;
NAIVETotal;1.4360166666666667
PRECTotal;1.4355166666666668
VOTESTotal;1.4357833333333334
CONFTotal;1.43515
PVCTotal;1.4365833333333333