SUBJECT;AVG_TIME(ms)
ORIG;1.4351
;
COMBINED_NETWORK;19.403166666666667
;
NAIVE;0.0023666666666666667
PREC;0.0024333333333333334
VOTES;0.0015333333333333334
CONF;0.0030666666666666668
PVC;0.002116666666666667
;
NAIVETotal;19.405533333333334
PRECTotal;19.4056
VOTESTotal;19.4047
CONFTotal;19.406233333333333
PVCTotal;19.405283333333333